,0,1,2,3,4,5,6
5,,a,b,h,o,r,
14,,a,c,o,r,n,
26,,a,d,o,r,n,
41,,a,g,o,r,a,
99,,a,p,r,o,n,
101,,a,r,b,o,r,
102,,a,r,d,o,r,
106,,a,r,m,o,r,
107,,a,r,o,m,a,
110,,a,r,r,o,w,
111,,a,r,s,o,n,
152,,b,a,r,o,n,
236,,b,o,a,r,d,
248,,b,o,r,a,x,
266,,b,r,a,v,o,
282,,b,r,o,a,d,
335,,c,a,r,g,o,
336,,c,a,r,o,l,
428,,c,o,b,r,a,
440,,c,o,r,a,l,
484,,c,r,o,a,k,
708,,f,a,v,o,r,
769,,f,l,o,r,a,
790,,f,o,r,a,y,
916,,g,r,o,a,n,
983,,h,o,a,r,d,
1090,,l,a,b,o,r,
1179,,m,a,c,r,o,
1186,,m,a,j,o,r,
1198,,m,a,n,o,r,
1210,,m,a,y,o,r,
1248,,m,o,l,a,r,
1254,,m,o,r,a,l,
1345,,o,r,g,a,n,
1353,,o,v,a,r,y,
1448,,p,o,l,a,r,
1532,,r,a,d,i,o,
1548,,r,a,y,o,n,
1549,,r,a,z,o,r,
1603,,r,o,a,c,h,
1622,,r,o,y,a,l,
1652,,s,a,v,o,r,
1836,,s,o,l,a,r,
1839,,s,o,n,a,r,
2183,,v,a,l,o,r,
2187,,v,a,p,o,r,
